{"typical_price": 185.28166666666667, "dollar_volume": 10228262873.2, "prev_close": 188.04, "prev_high": 191.8, "prev_low": 187.47, "rsi": 46.73952638781956, "macd": -0.08781706967039327, "macd_signal": -0.027534245452050212, "zscore": -1.4793296339702162, "bb_upper": 196.98287950985898, "bb_lower": 178.674120490141, "bb_ma": 187.8285, "avg_vol_ratio": 0.9845304888456792, "vwap": NaN, "trades": NaN, "pre_market": NaN, "after_market": NaN, "dividend": NaN, "split": NaN}