{"typical_price": 251.04333333333332, "dollar_volume": 9886761401.56, "prev_close": 252.2, "prev_high": 253.5, "prev_low": 250.75, "rsi": 53.98256685435056, "macd": 5.087179070168588, "macd_signal": 5.54992037233924, "zscore": -0.5852348289424842, "bb_upper": 259.93725753222935, "bb_lower": 239.68174246777062, "bb_ma": 249.80949999999999, "avg_vol_ratio": 0.7343498914809298, "vwap": NaN, "trades": 39480718.0, "pre_market": 252.14, "after_market": 250.41, "dividend": NaN, "split": NaN}