{"typical_price": 194.86666666666667, "dollar_volume": 14866759604.0, "prev_close": 197.85, "prev_high": 199.84, "prev_low": 194.2, "rsi": 62.855501267452524, "macd": 2.3576370533415343, "macd_signal": 1.1139683652606156, "zscore": -1.9351909049202862, "bb_upper": 195.91981208957546, "bb_lower": 175.28418791042455, "bb_ma": 185.602, "avg_vol_ratio": 1.552654132167892, "vwap": NaN, "trades": 76930192.0, "pre_market": 198.65, "after_market": 193.32, "dividend": NaN, "split": NaN}