{"typical_price": 220.51996666666665, "dollar_volume": 5438383020.45, "prev_close": 221.3, "prev_high": 222.9972, "prev_low": 218.43, "rsi": 43.592651381032034, "macd": 3.798037788091875, "macd_signal": 5.469982120689437, "zscore": -0.5946539833240362, "bb_upper": 234.44956579876802, "bb_lower": 215.09143420123198, "bb_ma": 224.7705, "avg_vol_ratio": 0.6162458290347306, "vwap": NaN, "trades": 24788655.0, "pre_market": 221.03, "after_market": 219.68, "dividend": NaN, "split": NaN}