{"typical_price": 184.44166666666663, "dollar_volume": 4224595838.0399995, "prev_close": 186.86, "prev_high": 187.5, "prev_low": 185.45, "rsi": 64.89828476631124, "macd": 2.6784923925968656, "macd_signal": 2.0734768110886974, "zscore": -1.9653276781164688, "bb_upper": 186.4499117409246, "bb_lower": 171.50908825907536, "bb_ma": 178.97949999999997, "avg_vol_ratio": 0.9660873178816176, "vwap": NaN, "trades": 23032362.0, "pre_market": 187.7, "after_market": 183.95, "dividend": NaN, "split": NaN}