{"typical_price": 191.09, "dollar_volume": 2733808287.24, "prev_close": 192.69, "prev_high": 193.78, "prev_low": 190.36, "rsi": 54.27322402710764, "macd": 4.737106781545606, "macd_signal": 5.194090169811998, "zscore": -0.7614165841421929, "bb_upper": 206.37860726429847, "bb_lower": 171.73939273570153, "bb_ma": 189.059, "avg_vol_ratio": 0.5429545466958212, "vwap": NaN, "trades": 14355221.0, "pre_market": 193.3, "after_market": 190.45, "dividend": NaN, "split": NaN}