{"typical_price": 148.37776666666667, "dollar_volume": 4123577106.0, "prev_close": 151.74, "prev_high": 153.19, "prev_low": 147.39, "rsi": 72.77907275268305, "macd": 7.200506641532996, "macd_signal": 6.226334076278777, "zscore": -1.4159704648411706, "bb_upper": 152.22744734307835, "bb_lower": 119.4085526569216, "bb_ma": 135.81799999999998, "avg_vol_ratio": 1.0056608293547016, "vwap": NaN, "trades": 28040100.0, "pre_market": 151.44, "after_market": 147.1, "dividend": NaN, "split": NaN}