{"typical_price": 422.96333333333337, "dollar_volume": 5583403543.5, "prev_close": 424.83, "prev_high": 427.55, "prev_low": 421.9, "rsi": 30.793594924668128, "macd": 0.008664106358594381, "macd_signal": 3.1291413055994486, "zscore": -0.6822048263920927, "bb_upper": 457.2098407115184, "bb_lower": 422.4501592884815, "bb_ma": 439.8299999999999, "avg_vol_ratio": 0.5676621693218615, "vwap": NaN, "trades": 13246509.0, "pre_market": 424.87, "after_market": 421.6, "dividend": NaN, "split": NaN}