{"typical_price": 449.58, "dollar_volume": 12667578023.449999, "prev_close": 452.85, "prev_high": 456.17, "prev_low": 451.77, "rsi": 75.97840753343007, "macd": 8.625585605878314, "macd_signal": 8.30403661262178, "zscore": -1.5723585051707312, "bb_upper": 464.24463653195755, "bb_lower": 410.1183634680425, "bb_ma": 437.1815, "avg_vol_ratio": 0.9763082783071881, "vwap": NaN, "trades": 28342271.0, "pre_market": 453.7, "after_market": 447.35, "dividend": NaN, "split": NaN}