{"typical_price": 19.483999999999998, "dollar_volume": 9362766856.3, "prev_close": 20.365, "prev_high": 20.628, "prev_low": 19.405, "rsi": 72.61325812431717, "macd": 1.0373560968612807, "macd_signal": 0.6890889222879139, "zscore": -1.723654092613654, "bb_upper": 20.998551146089106, "bb_lower": 13.055748853910892, "bb_ma": 17.02715, "avg_vol_ratio": 1.1050492586566727, "vwap": NaN, "trades": 488611150.0, "pre_market": 20.085, "after_market": 19.14, "dividend": NaN, "split": NaN}