{"typical_price": 402.0, "dollar_volume": 29670747094.62, "prev_close": 405.68, "prev_high": 408.16, "prev_low": 403.44, "rsi": 64.63554838112438, "macd": 3.5163676150265815, "macd_signal": 2.1727719072415157, "zscore": -1.074923723600375, "bb_upper": 409.43894815432, "bb_lower": 377.54805184568, "bb_ma": 393.4935, "avg_vol_ratio": 0.9013232484257873, "vwap": NaN, "trades": 74067618.0, "pre_market": 402.68, "after_market": 401.44, "dividend": NaN, "split": NaN}