{"typical_price": 411.43666666666667, "dollar_volume": 31023610309.76, "prev_close": 417.41, "prev_high": 427.0, "prev_low": 415.75, "rsi": 50.56847648020122, "macd": 23.836483742464452, "macd_signal": 30.900705785275, "zscore": -0.9032796881192501, "bb_upper": 488.7390337778357, "bb_lower": 349.0709662221644, "bb_ma": 418.90500000000003, "avg_vol_ratio": 0.8369132118027497, "vwap": NaN, "trades": 76821539.0, "pre_market": 414.01, "after_market": 401.92, "dividend": NaN, "split": NaN}