{"typical_price": 198.77999999999997, "dollar_volume": 18875390895.84, "prev_close": 197.42, "prev_high": 198.72, "prev_low": 194.05, "rsi": 68.35853130026965, "macd": 4.433935267789451, "macd_signal": 2.343476915721582, "zscore": -0.01603582420846594, "bb_upper": 197.80682704196738, "bb_lower": 166.21917295803257, "bb_ma": 182.01299999999998, "avg_vol_ratio": 1.058913883684272, "vwap": NaN, "trades": 95388068.0, "pre_market": 197.92, "after_market": 197.8, "dividend": NaN, "split": NaN}